,p_val,avg_log2FC,pct.1,pct.2,p_val_adj,gene,cluster,Ligand,Receptor
FCER2,0,4.115178889,0.632,0.057,0,FCER2,FRC-like,TRUE,FALSE
CR2,0,3.966943648,0.436,0.04,0,CR2,FRC-like,FALSE,TRUE
FCRL1,0,3.732338832,0.749,0.116,0,FCRL1,FRC-like,FALSE,TRUE
CCL14,0,3.714243595,0.567,0.069,0,CCL14,FRC-like,TRUE,FALSE
MUSK,0,3.691963539,0.257,0.026,0,MUSK,FRC-like,FALSE,TRUE
TIMD4,0,3.561854704,0.485,0.068,0,TIMD4,FRC-like,TRUE,TRUE
CNR2,0,3.490823684,0.578,0.076,0,CNR2,FRC-like,FALSE,TRUE
CXCR5,0,3.403898971,0.704,0.116,0,CXCR5,FRC-like,FALSE,TRUE
GFRA1,0,3.398265143,0.707,0.103,0,GFRA1,FRC-like,FALSE,TRUE
CD22,0,3.38051706,0.801,0.16,0,CD22,FRC-like,TRUE,TRUE
RSPO1,0,3.372237796,0.471,0.064,0,RSPO1,FRC-like,TRUE,FALSE
ADRA2A,0,3.198057974,0.836,0.164,0,ADRA2A,FRC-like,FALSE,TRUE
CCL21,0,3.183529101,0.808,0.195,0,CCL21,FRC-like,TRUE,FALSE
CD19,0,3.087068494,0.77,0.172,0,CD19,FRC-like,FALSE,TRUE
F10,0,3.074256602,0.318,0.044,0,F10,FRC-like,TRUE,TRUE
SIGLEC6,0,3.055907751,0.471,0.081,0,SIGLEC6,FRC-like,TRUE,TRUE
FGF7,0,2.990679701,0.73,0.137,0,FGF7,FRC-like,TRUE,FALSE
CADM3,0,2.983081256,0.447,0.086,0,CADM3,FRC-like,TRUE,TRUE
CNR1,0,2.926411281,0.588,0.111,0,CNR1,FRC-like,FALSE,TRUE
TREML2,0,2.926195566,0.385,0.064,0,TREML2,FRC-like,FALSE,TRUE
TNFRSF13B,0,2.829256723,0.835,0.206,0,TNFRSF13B,FRC-like,FALSE,TRUE
DKK2,0,2.805965801,0.381,0.078,0,DKK2,FRC-like,TRUE,FALSE
CR1,0,2.779511421,0.7,0.164,0,CR1,FRC-like,FALSE,TRUE
CNTN3,0,2.747466745,0.318,0.055,0,CNTN3,FRC-like,TRUE,FALSE
LILRA4,0,2.707600332,0.439,0.088,0,LILRA4,FRC-like,FALSE,TRUE
FCRL4,0,2.69497928,0.37,0.074,0,FCRL4,FRC-like,FALSE,TRUE
GDF7,0,2.670666654,0.396,0.078,0,GDF7,FRC-like,TRUE,FALSE
GFRA2,0,2.656823523,0.368,0.069,0,GFRA2,FRC-like,FALSE,TRUE
ANGPTL1,0,2.625057289,0.386,0.077,0,ANGPTL1,FRC-like,TRUE,FALSE
CD40LG,0,2.609627313,0.557,0.12,0,CD40LG,FRC-like,TRUE,TRUE
CD79B,0,2.594080217,0.886,0.335,0,CD79B,FRC-like,TRUE,TRUE
TLR9,0,2.54394678,0.382,0.077,0,TLR9,FRC-like,FALSE,TRUE
NCR3,0,2.510606018,0.437,0.093,0,NCR3,FRC-like,FALSE,TRUE
SELP,0,2.463574647,0.584,0.135,0,SELP,FRC-like,TRUE,TRUE
CD72,0,2.433862323,0.733,0.265,0,CD72,FRC-like,TRUE,TRUE
CCL19,0,2.379320524,0.984,0.407,0,CCL19,FRC-like,TRUE,FALSE
ACKR1,0,2.352857577,0.572,0.146,0,ACKR1,FRC-like,FALSE,TRUE
JAM2,0,2.339222494,0.543,0.135,0,JAM2,FRC-like,TRUE,TRUE
ITGA8,0,2.33419657,0.649,0.164,0,ITGA8,FRC-like,FALSE,TRUE
IL33,0,2.330444614,0.804,0.235,0,IL33,FRC-like,TRUE,FALSE
PLA2G2A,0,2.301330469,0.359,0.083,0,PLA2G2A,FRC-like,TRUE,FALSE
CD180,0,2.297874373,0.723,0.234,0,CD180,FRC-like,FALSE,TRUE
COL9A3,0,2.29585682,0.377,0.095,0,COL9A3,FRC-like,TRUE,FALSE
KLRG1,0,2.273731236,0.602,0.158,0,KLRG1,FRC-like,FALSE,TRUE
FXYD1,0,2.228647923,0.41,0.092,0,FXYD1,FRC-like,FALSE,TRUE
ANGPTL6,0,2.214692703,0.481,0.131,0,ANGPTL6,FRC-like,TRUE,FALSE
CCKAR,0,2.175986737,0.398,0.098,0,CCKAR,FRC-like,FALSE,TRUE
APOD,0,2.150857016,0.799,0.261,0,APOD,FRC-like,TRUE,FALSE
RAMP3,0,2.12479561,0.763,0.266,0,RAMP3,FRC-like,FALSE,TRUE
CD1D,0,2.10233738,0.408,0.115,0,CD1D,FRC-like,TRUE,FALSE
CLDN11,0,2.100853911,0.411,0.116,0,CLDN11,FRC-like,TRUE,TRUE
S1PR1,0,2.089026625,0.745,0.255,0,S1PR1,FRC-like,FALSE,TRUE
TNXB,0,2.08670816,0.874,0.334,0,TNXB,FRC-like,TRUE,FALSE
LY86,0,2.086452783,0.612,0.195,0,LY86,FRC-like,TRUE,FALSE
CCR7,0,2.077146137,0.84,0.362,0,CCR7,FRC-like,FALSE,TRUE
SLAMF6,0,2.068304778,0.811,0.324,0,SLAMF6,FRC-like,TRUE,FALSE
IGF1,0,2.061902501,0.504,0.144,0,IGF1,FRC-like,TRUE,FALSE
LY9,0,2.054296095,0.877,0.357,0,LY9,FRC-like,TRUE,FALSE
FLT3,0,2.050551076,0.549,0.165,0,FLT3,FRC-like,FALSE,TRUE
CXCL12,0,2.04802566,0.973,0.47,0,CXCL12,FRC-like,TRUE,FALSE
TNFRSF13C,0,2.04145004,0.835,0.418,0,TNFRSF13C,FRC-like,FALSE,TRUE
SELL,0,2.022148829,0.964,0.498,0,SELL,FRC-like,TRUE,TRUE
TNFSF8,0,2.014182324,0.413,0.119,0,TNFSF8,FRC-like,TRUE,FALSE
FAT4,0,1.986049813,0.464,0.139,0,FAT4,FRC-like,TRUE,TRUE
PDGFD,0,1.968384335,0.514,0.164,0,PDGFD,FRC-like,TRUE,FALSE
CCR6,0,1.968114688,0.744,0.308,0,CCR6,FRC-like,FALSE,TRUE
RARRES2,0,1.96379672,0.781,0.273,0,RARRES2,FRC-like,TRUE,FALSE
RECK,0,1.963476935,0.53,0.164,0,RECK,FRC-like,TRUE,TRUE
P2RY14,0,1.96239995,0.497,0.155,0,P2RY14,FRC-like,FALSE,TRUE
COL14A1,0,1.956512009,0.894,0.355,0,COL14A1,FRC-like,TRUE,FALSE
LEPR,0,1.928383571,0.7,0.262,0,LEPR,FRC-like,FALSE,TRUE
CD69,0,1.928319387,0.788,0.341,0,CD69,FRC-like,FALSE,TRUE
KCNA3,0,1.923171049,0.77,0.281,0,KCNA3,FRC-like,FALSE,TRUE
CCR2,0,1.910744559,0.486,0.147,0,CCR2,FRC-like,FALSE,TRUE
SIGLEC5,0,1.910213207,0.392,0.126,0,SIGLEC5,FRC-like,TRUE,FALSE
COL4A3,0,1.900816333,0.625,0.211,0,COL4A3,FRC-like,TRUE,FALSE
IL16,0,1.898646273,0.941,0.471,0,IL16,FRC-like,TRUE,FALSE
KLRB1,0,1.889636728,0.657,0.232,0,KLRB1,FRC-like,FALSE,TRUE
EPHA3,0,1.8549152,0.355,0.104,0,EPHA3,FRC-like,FALSE,TRUE
EDNRB,0,1.838860656,0.411,0.134,0,EDNRB,FRC-like,FALSE,TRUE
TNFRSF17,0,1.83850721,0.81,0.317,0,TNFRSF17,FRC-like,FALSE,TRUE
PNOC,0,1.832518398,0.652,0.21,0,PNOC,FRC-like,TRUE,FALSE
JAM3,0,1.815207182,0.686,0.243,0,JAM3,FRC-like,TRUE,TRUE
BMP6,0,1.807334567,0.62,0.227,0,BMP6,FRC-like,TRUE,FALSE
ADGRG5,0,1.789330641,0.653,0.242,0,ADGRG5,FRC-like,FALSE,TRUE
CD37,0,1.753591019,0.994,0.676,0,CD37,FRC-like,FALSE,TRUE
PTGDR,0,1.750422174,0.453,0.153,0,PTGDR,FRC-like,FALSE,TRUE
CD28,0,1.717292458,0.836,0.394,0,CD28,FRC-like,TRUE,TRUE
CCL18,0,1.715104059,0.841,0.428,0,CCL18,FRC-like,TRUE,FALSE
CD5,0,1.711248593,0.756,0.331,0,CD5,FRC-like,FALSE,TRUE
NPR2,0,1.681582431,0.511,0.183,0,NPR2,FRC-like,FALSE,TRUE
CP,0,1.679839512,0.836,0.35,0,CP,FRC-like,TRUE,FALSE
CD52,0,1.674932199,0.968,0.602,0,CD52,FRC-like,TRUE,FALSE
FLT4,0,1.673680521,0.459,0.168,0,FLT4,FRC-like,FALSE,TRUE
CD79A,0,1.661823581,0.989,0.564,0,CD79A,FRC-like,FALSE,TRUE
CD48,0,1.659469874,0.946,0.509,0,CD48,FRC-like,TRUE,FALSE
F13A1,0,1.648576835,0.846,0.406,0,F13A1,FRC-like,TRUE,FALSE
TNFSF14,0,1.645272533,0.534,0.206,0,TNFSF14,FRC-like,TRUE,FALSE
PTPRC,0,1.63473818,0.885,0.484,0,PTPRC,FRC-like,TRUE,TRUE
CFAP54,0,1.633880475,0.577,0.237,0,CFAP54,FRC-like,TRUE,TRUE
CD27,0,1.631964181,0.976,0.545,0,CD27,FRC-like,FALSE,TRUE
CD200R1,0,1.628845295,0.507,0.194,0,CD200R1,FRC-like,FALSE,TRUE
SLAMF1,0,1.610412825,0.837,0.403,0,SLAMF1,FRC-like,FALSE,TRUE
ITGA4,0,1.607945719,0.954,0.523,0,ITGA4,FRC-like,TRUE,TRUE
ITGAL,0,1.594063994,0.934,0.522,0,ITGAL,FRC-like,TRUE,TRUE
DDR2,0,1.591394854,0.709,0.306,0,DDR2,FRC-like,FALSE,TRUE
IL12RB1,0,1.548873798,0.659,0.293,0,IL12RB1,FRC-like,FALSE,TRUE
LILRB1,0,1.543289175,0.686,0.321,0,LILRB1,FRC-like,FALSE,TRUE
ICAM2,0,1.530829823,0.828,0.415,0,ICAM2,FRC-like,TRUE,FALSE
CLMP,0,1.523021393,0.652,0.264,0,CLMP,FRC-like,TRUE,FALSE
ADGRA2,0,1.508433475,0.746,0.349,0,ADGRA2,FRC-like,FALSE,TRUE
CXCR3,0,1.502598801,0.661,0.285,0,CXCR3,FRC-like,FALSE,TRUE
ACVRL1,0,1.500541416,0.639,0.284,0,ACVRL1,FRC-like,FALSE,TRUE
MFNG,0,1.482808936,0.785,0.402,0,MFNG,FRC-like,TRUE,FALSE
CLU,0,1.469223376,0.99,0.684,0,CLU,FRC-like,TRUE,FALSE
HCST,0,1.468277642,0.642,0.294,0,HCST,FRC-like,FALSE,TRUE
CD6,0,1.458233121,0.887,0.497,0,CD6,FRC-like,TRUE,TRUE
SIRPG,0,1.458105961,0.549,0.241,0,SIRPG,FRC-like,TRUE,TRUE
ICAM3,0,1.451928814,0.847,0.468,0,ICAM3,FRC-like,TRUE,TRUE
CCR4,0,1.445569054,0.753,0.362,0,CCR4,FRC-like,FALSE,TRUE
CLDN5,0,1.444500355,0.637,0.308,0,CLDN5,FRC-like,FALSE,TRUE
TLR4,0,1.439664674,0.676,0.328,0,TLR4,FRC-like,FALSE,TRUE
CDH5,0,1.422341024,0.729,0.345,0,CDH5,FRC-like,TRUE,TRUE
CXCL14,0,1.407987586,0.981,0.546,0,CXCL14,FRC-like,TRUE,FALSE
PLXDC1,0,1.406328946,0.795,0.385,0,PLXDC1,FRC-like,FALSE,TRUE
CLEC10A,0,1.40412406,0.694,0.316,0,CLEC10A,FRC-like,FALSE,TRUE
CD247,0,1.399995093,0.817,0.425,0,CD247,FRC-like,FALSE,TRUE
LTB,0,1.387318867,0.989,0.717,0,LTB,FRC-like,TRUE,FALSE
ADORA2A,0,1.386382751,0.656,0.313,0,ADORA2A,FRC-like,FALSE,TRUE
CD96,0,1.382714066,0.945,0.553,0,CD96,FRC-like,TRUE,TRUE
ST6GAL1,0,1.378566225,0.988,0.691,0,ST6GAL1,FRC-like,TRUE,FALSE
MILR1,0,1.377130408,0.586,0.277,0,MILR1,FRC-like,FALSE,TRUE
SLAMF7,0,1.372819526,0.869,0.47,0,SLAMF7,FRC-like,TRUE,TRUE
TSPAN33,0,1.369220938,0.819,0.483,0,TSPAN33,FRC-like,TRUE,TRUE
IL2RA,0,1.356487329,0.681,0.357,0,IL2RA,FRC-like,FALSE,TRUE
KLRK1,0,1.336032843,0.777,0.399,0,KLRK1,FRC-like,FALSE,TRUE
SLC40A1,0,1.335804265,0.938,0.609,0,SLC40A1,FRC-like,FALSE,TRUE
IL10RA,0,1.330587554,0.937,0.573,0,IL10RA,FRC-like,FALSE,TRUE
CD209,0,1.32279623,0.633,0.332,0,CD209,FRC-like,TRUE,TRUE
TRPV2,0,1.319953562,0.751,0.39,0,TRPV2,FRC-like,FALSE,TRUE
SPN,0,1.29437231,0.855,0.491,0,SPN,FRC-like,TRUE,TRUE
FGFR1,0,1.287286881,0.884,0.477,0,FGFR1,FRC-like,FALSE,TRUE
CD34,0,1.273191965,0.697,0.348,0,CD34,FRC-like,TRUE,FALSE
LPAR1,0,1.266032403,0.849,0.526,0,LPAR1,FRC-like,FALSE,TRUE
DCN,0,1.263200283,0.997,0.686,0,DCN,FRC-like,TRUE,FALSE
TNFSF13B,0,1.262067665,0.776,0.424,0,TNFSF13B,FRC-like,TRUE,FALSE
ITGB7,0,1.25838652,0.849,0.532,0,ITGB7,FRC-like,FALSE,TRUE
SELPLG,0,1.247372595,0.827,0.467,0,SELPLG,FRC-like,TRUE,TRUE
TFPI,0,1.242838551,0.798,0.424,0,TFPI,FRC-like,TRUE,FALSE
TIGIT,0,1.233312877,0.888,0.544,0,TIGIT,FRC-like,TRUE,TRUE
CMKLR1,0,1.218076975,0.675,0.368,0,CMKLR1,FRC-like,FALSE,TRUE
PDGFRA,0,1.217141361,0.707,0.373,0,PDGFRA,FRC-like,FALSE,TRUE
MRC1,0,1.195832582,0.695,0.376,0,MRC1,FRC-like,FALSE,TRUE
CD53,0,1.191290687,0.997,0.808,0,CD53,FRC-like,FALSE,TRUE
C3,0,1.189565761,0.999,0.799,0,C3,FRC-like,TRUE,FALSE
TGFBR2,0,1.184473194,0.998,0.833,0,TGFBR2,FRC-like,FALSE,TRUE
CXCL13,0,1.182172085,0.887,0.59,0,CXCL13,FRC-like,TRUE,FALSE
TLR6,0,1.174565719,0.786,0.443,0,TLR6,FRC-like,FALSE,TRUE
AQP1,0,1.162722935,0.94,0.614,0,AQP1,FRC-like,FALSE,TRUE
AMIGO2,0,1.161507141,0.681,0.379,0,AMIGO2,FRC-like,FALSE,TRUE
CXCR4,0,1.160513691,0.997,0.745,0,CXCR4,FRC-like,FALSE,TRUE
ORAI2,0,1.15909193,0.853,0.587,0,ORAI2,FRC-like,FALSE,TRUE
JAML,0,1.151815843,0.858,0.506,0,JAML,FRC-like,TRUE,TRUE
LAT,0,1.150397434,0.939,0.651,0,LAT,FRC-like,FALSE,TRUE
CD3D,0,1.137895519,0.936,0.634,0,CD3D,FRC-like,FALSE,TRUE
EFEMP1,0,1.131102074,0.882,0.56,0,EFEMP1,FRC-like,TRUE,FALSE
LSAMP,0,1.129411402,0.712,0.327,0,LSAMP,FRC-like,TRUE,FALSE
TNFSF12,0,1.128826355,0.859,0.541,0,TNFSF12,FRC-like,TRUE,FALSE
LFNG,0,1.108748422,0.888,0.579,0,LFNG,FRC-like,TRUE,FALSE
CLEC2D,0,1.095046874,0.993,0.821,0,CLEC2D,FRC-like,TRUE,TRUE
PECAM1,0,1.077797844,0.996,0.752,0,PECAM1,FRC-like,TRUE,TRUE
CDH11,0,1.068108999,0.868,0.473,0,CDH11,FRC-like,FALSE,TRUE
IL2RB,0,1.066316076,0.928,0.623,0,IL2RB,FRC-like,FALSE,TRUE
ADAM28,0,1.063499826,0.979,0.71,0,ADAM28,FRC-like,TRUE,FALSE
CD2,0,1.058583223,0.97,0.703,0,CD2,FRC-like,TRUE,TRUE
BOC,0,1.049932095,0.719,0.362,0,BOC,FRC-like,TRUE,TRUE
LUM,0,1.044097857,0.998,0.717,0,LUM,FRC-like,TRUE,FALSE
LAIR1,0,1.040956595,0.853,0.528,0,LAIR1,FRC-like,FALSE,TRUE
IL21R,0,1.033184721,0.777,0.486,0,IL21R,FRC-like,FALSE,TRUE
CD38,0,1.016508815,0.911,0.672,0,CD38,FRC-like,TRUE,TRUE
BTN2A2,0,1.002481206,0.837,0.55,0,BTN2A2,FRC-like,FALSE,TRUE
CCL13,1.86E-299,1.821900672,0.38,0.125,3.37E-295,CCL13,FRC-like,TRUE,FALSE
FCRL6,8.00E-297,2.089150478,0.299,0.081,1.45E-292,FCRL6,FRC-like,TRUE,FALSE
ITGA9,2.78E-288,1.321519466,0.562,0.271,5.03E-284,ITGA9,FRC-like,TRUE,TRUE
CEACAM21,5.81E-287,1.865878319,0.336,0.102,1.05E-282,CEACAM21,FRC-like,TRUE,FALSE
SIGLEC10,5.57E-285,1.260022172,0.602,0.318,1.01E-280,SIGLEC10,FRC-like,FALSE,TRUE
SCUBE2,8.60E-283,1.513813753,0.471,0.19,1.55E-278,SCUBE2,FRC-like,TRUE,FALSE
CACNA1C,3.20E-282,1.57602048,0.406,0.143,5.78E-278,CACNA1C,FRC-like,FALSE,TRUE
ICOS,4.56E-279,1.192754824,0.623,0.336,8.24E-275,ICOS,FRC-like,FALSE,TRUE
IGDCC4,6.70E-275,1.950589911,0.308,0.09,1.21E-270,IGDCC4,FRC-like,FALSE,TRUE
LIN7A,1.53E-273,1.68688259,0.39,0.14,2.77E-269,LIN7A,FRC-like,TRUE,FALSE
IL3RA,4.70E-269,1.13662911,0.657,0.38,8.49E-265,IL3RA,FRC-like,FALSE,TRUE
PTPRT,1.58E-268,2.310042642,0.259,0.067,2.86E-264,PTPRT,FRC-like,FALSE,TRUE
P2RX7,5.10E-268,1.279357159,0.536,0.247,9.22E-264,P2RX7,FRC-like,FALSE,TRUE
CD226,2.10E-266,1.285248284,0.543,0.261,3.79E-262,CD226,FRC-like,TRUE,TRUE
IL7,4.17E-266,1.024678236,0.682,0.44,7.53E-262,IL7,FRC-like,TRUE,FALSE
CLEC14A,1.65E-263,1.218223286,0.553,0.26,2.99E-259,CLEC14A,FRC-like,FALSE,TRUE
SLIT3,5.21E-257,1.147355569,0.591,0.296,9.42E-253,SLIT3,FRC-like,TRUE,FALSE
CFP,2.96E-255,1.441520484,0.471,0.206,5.34E-251,CFP,FRC-like,TRUE,FALSE
COL19A1,4.18E-255,1.235604796,0.547,0.263,7.55E-251,COL19A1,FRC-like,TRUE,FALSE
BMP4,4.42E-252,1.824073229,0.321,0.104,7.99E-248,BMP4,FRC-like,TRUE,FALSE
PDCD1,1.06E-246,1.3347446,0.503,0.234,1.92E-242,PDCD1,FRC-like,FALSE,TRUE
CRTAM,1.28E-240,1.684861128,0.335,0.114,2.32E-236,CRTAM,FRC-like,TRUE,FALSE
PI16,1.26E-232,1.783079861,0.323,0.11,2.28E-228,PI16,FRC-like,TRUE,FALSE
NFASC,1.35E-232,1.462799205,0.444,0.2,2.44E-228,NFASC,FRC-like,TRUE,TRUE
EBI3,4.51E-232,1.619631739,0.372,0.143,8.15E-228,EBI3,FRC-like,TRUE,FALSE
PTPRB,7.26E-231,1.309936217,0.473,0.216,1.31E-226,PTPRB,FRC-like,FALSE,TRUE
SIGLEC8,1.39E-227,1.860567197,0.28,0.086,2.52E-223,SIGLEC8,FRC-like,TRUE,TRUE
CTLA4,1.32E-225,1.059802803,0.601,0.336,2.39E-221,CTLA4,FRC-like,FALSE,TRUE
LAMA2,1.72E-224,1.134464014,0.549,0.273,3.10E-220,LAMA2,FRC-like,TRUE,FALSE
KLRD1,5.06E-222,1.148035892,0.554,0.304,9.15E-218,KLRD1,FRC-like,FALSE,TRUE
CCR5,7.75E-222,1.050323735,0.583,0.312,1.40E-217,CCR5,FRC-like,FALSE,TRUE
ROR1,1.10E-216,1.271298924,0.435,0.188,1.99E-212,ROR1,FRC-like,FALSE,TRUE
LILRB5,2.31E-216,1.387004392,0.431,0.189,4.18E-212,LILRB5,FRC-like,FALSE,TRUE
PLXNA4,4.26E-210,1.78884719,0.283,0.093,7.69E-206,PLXNA4,FRC-like,FALSE,TRUE
LILRB4,1.91E-205,1.074077107,0.584,0.334,3.46E-201,LILRB4,FRC-like,TRUE,FALSE
PDCD1LG2,4.22E-205,1.12771972,0.5,0.245,7.62E-201,PDCD1LG2,FRC-like,TRUE,FALSE
PTPRO,2.55E-200,1.305548516,0.448,0.217,4.60E-196,PTPRO,FRC-like,FALSE,TRUE
ADGRL4,5.73E-200,1.070148827,0.529,0.272,1.04E-195,ADGRL4,FRC-like,FALSE,TRUE
LTA,8.99E-200,1.639016447,0.306,0.11,1.62E-195,LTA,FRC-like,TRUE,FALSE
NAALADL1,3.08E-192,1.380642142,0.372,0.156,5.57E-188,NAALADL1,FRC-like,TRUE,FALSE
DCHS1,1.12E-191,1.213156311,0.457,0.222,2.03E-187,DCHS1,FRC-like,TRUE,TRUE
GPR15,1.21E-190,1.146897892,0.513,0.278,2.18E-186,GPR15,FRC-like,FALSE,TRUE
FZD4,5.32E-190,1.20140951,0.469,0.237,9.62E-186,FZD4,FRC-like,FALSE,TRUE
BMP3,1.90E-185,1.025378261,0.526,0.271,3.43E-181,BMP3,FRC-like,TRUE,FALSE
APLNR,4.15E-167,1.311258093,0.362,0.159,7.51E-163,APLNR,FRC-like,FALSE,TRUE
SEMA3A,4.30E-164,1.495170206,0.293,0.114,7.77E-160,SEMA3A,FRC-like,TRUE,FALSE
ADCY5,3.93E-154,1.314018073,0.356,0.163,7.10E-150,ADCY5,FRC-like,FALSE,TRUE
KLRC3,3.88E-153,1.272365228,0.342,0.151,7.01E-149,KLRC3,FRC-like,FALSE,TRUE
ITGA7,7.59E-153,1.272409335,0.354,0.162,1.37E-148,ITGA7,FRC-like,FALSE,TRUE
GIPR,3.38E-151,1.159955457,0.397,0.194,6.10E-147,GIPR,FRC-like,FALSE,TRUE
XCR1,1.94E-150,1.358065816,0.31,0.13,3.51E-146,XCR1,FRC-like,FALSE,TRUE
IL1RL1,3.64E-150,1.395685986,0.264,0.098,6.59E-146,IL1RL1,FRC-like,FALSE,TRUE
TIE1,3.71E-150,1.049965686,0.468,0.256,6.71E-146,TIE1,FRC-like,FALSE,TRUE
SDK2,1.74E-149,1.145713845,0.394,0.191,3.15E-145,SDK2,FRC-like,TRUE,TRUE
GPR25,2.72E-147,1.125719957,0.41,0.207,4.91E-143,GPR25,FRC-like,FALSE,TRUE
GPC3,1.11E-136,1.117387564,0.395,0.199,2.01E-132,GPC3,FRC-like,TRUE,FALSE
ADGRB1,1.43E-136,1.451020814,0.252,0.098,2.59E-132,ADGRB1,FRC-like,TRUE,FALSE
ROBO4,1.16E-135,1.116675658,0.371,0.181,2.09E-131,ROBO4,FRC-like,FALSE,TRUE
PDE1B,1.09E-132,1.449029569,0.256,0.102,1.97E-128,PDE1B,FRC-like,FALSE,TRUE
WNT6,1.46E-130,1.286802833,0.293,0.128,2.64E-126,WNT6,FRC-like,TRUE,FALSE
SIGLEC14,3.07E-130,1.349891336,0.299,0.134,5.55E-126,SIGLEC14,FRC-like,TRUE,TRUE
PEAR1,2.99E-129,1.224176501,0.333,0.159,5.41E-125,PEAR1,FRC-like,FALSE,TRUE
SELE,2.26E-125,1.376615192,0.282,0.124,4.08E-121,SELE,FRC-like,TRUE,TRUE
LTK,2.83E-124,1.145852615,0.271,0.113,5.12E-120,LTK,FRC-like,FALSE,TRUE
F5,3.92E-119,1.060712568,0.375,0.197,7.08E-115,F5,FRC-like,TRUE,TRUE
MMP25,1.25E-104,1.02344843,0.358,0.191,2.26E-100,MMP25,FRC-like,TRUE,FALSE
LGI4,2.07E-94,1.201081745,0.25,0.116,3.74E-90,LGI4,FRC-like,TRUE,FALSE
DCC,1.82E-91,1.117632367,0.252,0.118,3.29E-87,DCC,FRC-like,FALSE,TRUE
COLQ,2.01E-82,1.146352112,0.285,0.152,3.63E-78,COLQ,FRC-like,TRUE,FALSE
CCL17,1.41E-62,1.142651472,0.258,0.148,2.55E-58,CCL17,FRC-like,TRUE,FALSE
MMP1,0,2.48710675,0.941,0.346,0,MMP1,iCAF,TRUE,TRUE
IL1A,3.66E-279,1.852695969,0.91,0.365,6.62E-275,IL1A,iCAF,TRUE,FALSE
CXCL5,4.75E-277,2.901146048,0.55,0.123,8.58E-273,CXCL5,iCAF,TRUE,FALSE
INHBA,4.38E-272,1.61708707,0.954,0.563,7.92E-268,INHBA,iCAF,TRUE,FALSE
AREG,5.90E-264,1.942091114,0.825,0.32,1.07E-259,AREG,iCAF,TRUE,FALSE
SERPINE1,9.26E-258,1.634772176,0.982,0.674,1.67E-253,SERPINE1,iCAF,TRUE,FALSE
CXCL8,8.28E-253,1.505394002,0.979,0.587,1.50E-248,CXCL8,iCAF,TRUE,FALSE
PTHLH,8.10E-237,2.001999802,0.811,0.362,1.46E-232,PTHLH,iCAF,TRUE,FALSE
ADM,1.00E-235,1.305128341,0.985,0.661,1.81E-231,ADM,iCAF,TRUE,FALSE
IL1B,4.87E-212,1.642230444,0.919,0.478,8.80E-208,IL1B,iCAF,TRUE,FALSE
IL24,1.49E-210,3.068134618,0.419,0.09,2.70E-206,IL24,iCAF,TRUE,FALSE
SPP1,9.36E-206,1.25632004,0.99,0.676,1.69E-201,SPP1,iCAF,TRUE,FALSE
ITGA5,1.97E-200,1.212364796,0.965,0.616,3.56E-196,ITGA5,iCAF,FALSE,TRUE
COL12A1,2.01E-184,1.211619552,0.957,0.546,3.64E-180,COL12A1,iCAF,TRUE,FALSE
MMP13,1.16E-179,2.057517947,0.495,0.125,2.09E-175,MMP13,iCAF,TRUE,TRUE
GREM1,2.07E-178,1.298978865,0.914,0.424,3.74E-174,GREM1,iCAF,TRUE,FALSE
NT5E,2.14E-166,1.588809044,0.742,0.326,3.86E-162,NT5E,iCAF,TRUE,TRUE
PDGFB,7.35E-156,1.256147845,0.853,0.478,1.33E-151,PDGFB,iCAF,TRUE,FALSE
WNT5A,1.32E-154,1.019049479,0.968,0.642,2.39E-150,WNT5A,iCAF,TRUE,FALSE
MFAP5,2.00E-154,1.761397383,0.606,0.215,3.61E-150,MFAP5,iCAF,TRUE,FALSE
HAS2,4.84E-153,1.615777707,0.648,0.226,8.74E-149,HAS2,iCAF,TRUE,TRUE
RXFP1,9.64E-146,2.100392256,0.366,0.083,1.74E-141,RXFP1,iCAF,FALSE,TRUE
TGFA,3.28E-143,1.096579339,0.926,0.533,5.93E-139,TGFA,iCAF,TRUE,FALSE
SCN9A,2.16E-133,1.56486155,0.572,0.206,3.89E-129,SCN9A,iCAF,FALSE,TRUE
PGF,2.05E-132,1.129338344,0.875,0.477,3.70E-128,PGF,iCAF,TRUE,FALSE
WNT7A,1.59E-129,1.725243671,0.515,0.168,2.87E-125,WNT7A,iCAF,TRUE,FALSE
CLMP1,9.07E-126,1.296752012,0.728,0.299,1.64E-121,CLMP,iCAF,TRUE,FALSE
CSF2,1.07E-122,2.408612596,0.363,0.102,1.93E-118,CSF2,iCAF,TRUE,FALSE
HBEGF,5.35E-120,1.148799656,0.847,0.47,9.67E-116,HBEGF,iCAF,TRUE,FALSE
ANPEP,2.16E-119,1.158309012,0.868,0.465,3.91E-115,ANPEP,iCAF,TRUE,FALSE
CCL3,2.47E-118,1.541929601,0.668,0.302,4.46E-114,CCL3,iCAF,TRUE,FALSE
PRSS3,3.93E-116,1.441973025,0.475,0.149,7.09E-112,PRSS3,iCAF,TRUE,FALSE
MUC4,5.56E-116,-1.86689453,0.345,0.716,1.00E-111,MUC4,iCAF,TRUE,FALSE
FLRT2,4.48E-115,1.121857872,0.781,0.383,8.10E-111,FLRT2,iCAF,TRUE,FALSE
COL11A1,5.58E-113,1.232100383,0.63,0.25,1.01E-108,COL11A1,iCAF,TRUE,FALSE
PODXL2,1.94E-112,-1.604852772,0.286,0.718,3.50E-108,PODXL2,iCAF,TRUE,FALSE
DKK1,2.32E-110,1.305624308,0.585,0.219,4.19E-106,DKK1,iCAF,TRUE,FALSE
IL31RA,2.49E-105,1.732333522,0.396,0.119,4.50E-101,IL31RA,iCAF,FALSE,TRUE
PCDHGC3,2.27E-97,1.232484653,0.675,0.343,4.11E-93,PCDHGC3,iCAF,FALSE,TRUE
EDN1,3.11E-95,1.113165425,0.795,0.416,5.63E-91,EDN1,iCAF,TRUE,FALSE
PLSCR4,5.36E-94,-1.383486418,0.351,0.702,9.69E-90,PLSCR4,iCAF,FALSE,TRUE
CXCL17,9.68E-94,-1.63568313,0.359,0.689,1.75E-89,CXCL17,iCAF,TRUE,FALSE
ARTN,1.52E-93,1.473806817,0.478,0.176,2.74E-89,ARTN,iCAF,TRUE,FALSE
IL6,8.36E-92,1.851637812,0.48,0.21,1.51E-87,IL6,iCAF,TRUE,FALSE
COL4A6,5.67E-86,1.633948149,0.351,0.109,1.03E-81,COL4A6,iCAF,TRUE,FALSE
WNT2,1.05E-85,1.468480446,0.435,0.156,1.91E-81,WNT2,iCAF,TRUE,FALSE
PTGS2,2.17E-85,1.083751394,0.787,0.447,3.91E-81,PTGS2,iCAF,TRUE,FALSE
NMU,2.00E-84,-1.585900395,0.245,0.623,3.61E-80,NMU,iCAF,TRUE,FALSE
PTN,6.90E-78,-1.122678424,0.351,0.754,1.25E-73,PTN,iCAF,TRUE,FALSE
F2RL1,1.47E-77,1.02233198,0.686,0.382,2.66E-73,F2RL1,iCAF,FALSE,TRUE
CCL28,3.17E-75,-1.531031751,0.233,0.583,5.72E-71,CCL28,iCAF,TRUE,FALSE
OSM,3.72E-70,1.449307949,0.481,0.237,6.73E-66,OSM,iCAF,TRUE,FALSE
SECTM1,3.09E-69,-1.054215647,0.417,0.731,5.58E-65,SECTM1,iCAF,TRUE,FALSE
UCN2,6.22E-59,1.065457734,0.557,0.29,1.12E-54,UCN2,iCAF,TRUE,FALSE
IL1RL11,2.36E-58,1.938991095,0.295,0.114,4.27E-54,IL1RL1,iCAF,FALSE,TRUE
SFRP1,8.81E-53,-2.450522983,0.081,0.358,1.59E-48,SFRP1,iCAF,TRUE,FALSE
SPON1,1.85E-51,1.161626346,0.408,0.181,3.34E-47,SPON1,iCAF,TRUE,FALSE
COL9A2,3.88E-50,-1.071136306,0.313,0.609,7.00E-46,COL9A2,iCAF,TRUE,FALSE
IL11,2.15E-47,1.597069047,0.345,0.164,3.88E-43,IL11,iCAF,TRUE,FALSE
TF,2.48E-46,-2.671168156,0.05,0.299,4.48E-42,TF,iCAF,TRUE,FALSE
CXCL3,8.37E-45,1.285573505,0.473,0.269,1.51E-40,CXCL3,iCAF,TRUE,FALSE
TREM1,9.12E-43,1.273890753,0.366,0.183,1.65E-38,TREM1,iCAF,FALSE,TRUE
TNFRSF11A,7.57E-42,-1.202785251,0.236,0.501,1.37E-37,TNFRSF11A,iCAF,FALSE,TRUE
SDK21,8.39E-41,1.018946941,0.424,0.21,1.52E-36,SDK2,iCAF,TRUE,TRUE
MSMB,1.62E-40,-2.584205316,0.063,0.294,2.93E-36,MSMB,iCAF,TRUE,FALSE
RARRES1,3.35E-40,-1.798382145,0.158,0.398,6.05E-36,RARRES1,iCAF,TRUE,FALSE
BMP31,7.18E-40,-2.307429742,0.083,0.309,1.30E-35,BMP3,iCAF,TRUE,FALSE
BMP8A,1.66E-39,1.124820066,0.344,0.158,2.99E-35,BMP8A,iCAF,TRUE,FALSE
IL20RA,3.50E-39,-1.350310498,0.203,0.443,6.33E-35,IL20RA,iCAF,FALSE,TRUE
NTM,1.01E-38,1.150533612,0.331,0.151,1.83E-34,NTM,iCAF,TRUE,TRUE
CACHD1,1.65E-37,-1.281756241,0.184,0.429,2.98E-33,CACHD1,iCAF,FALSE,TRUE
APOC1,2.58E-37,-1.195727815,0.23,0.474,4.66E-33,APOC1,iCAF,TRUE,FALSE
DEFB1,1.45E-36,-1.242206194,0.215,0.456,2.61E-32,DEFB1,iCAF,TRUE,FALSE
C10orf99,1.71E-33,-1.400059023,0.182,0.397,3.09E-29,C10orf99,iCAF,TRUE,FALSE
CLDN3,4.06E-33,-1.297633371,0.154,0.385,7.34E-29,CLDN3,iCAF,TRUE,TRUE
LIPH,5.45E-33,-1.113462061,0.33,0.52,9.85E-29,LIPH,iCAF,TRUE,FALSE
FZD3,6.87E-32,-1.33249471,0.184,0.391,1.24E-27,FZD3,iCAF,FALSE,TRUE
EPHA4,1.18E-29,-1.021929777,0.259,0.459,2.13E-25,EPHA4,iCAF,TRUE,TRUE
CEACAM5,2.75E-28,-1.249433245,0.304,0.502,4.97E-24,CEACAM5,iCAF,TRUE,TRUE
AQP9,2.56E-27,1.09318534,0.31,0.164,4.63E-23,AQP9,iCAF,FALSE,TRUE
LRRN1,4.36E-27,-1.146249961,0.187,0.389,7.89E-23,LRRN1,iCAF,TRUE,FALSE
KLRG2,6.90E-27,-1.147605997,0.164,0.368,1.25E-22,KLRG2,iCAF,FALSE,TRUE
CMTM8,8.37E-26,-1.404569538,0.104,0.287,1.51E-21,CMTM8,iCAF,TRUE,FALSE
PENK,1.86E-24,-1.647778932,0.121,0.29,3.36E-20,PENK,iCAF,TRUE,FALSE
FAM3D,1.87E-24,-1.523424546,0.167,0.337,3.39E-20,FAM3D,iCAF,TRUE,FALSE
FCAR,1.77E-23,1.003667304,0.309,0.171,3.20E-19,FCAR,iCAF,TRUE,TRUE
CCN3,2.74E-20,-1.050607044,0.157,0.327,4.96E-16,CCN3,iCAF,TRUE,FALSE
GPR151,3.44E-20,-1.142177904,0.153,0.312,6.22E-16,GPR15,iCAF,FALSE,TRUE
ANOS1,2.00E-19,-1.010198546,0.222,0.378,3.61E-15,ANOS1,iCAF,TRUE,FALSE
CD2261,1.21E-18,-1.022132542,0.146,0.3,2.19E-14,CD226,iCAF,TRUE,TRUE
APOD1,1.90E-18,-1.39115292,0.196,0.332,3.43E-14,APOD,iCAF,TRUE,FALSE
GPC4,8.25E-18,-1.040014345,0.128,0.278,1.49E-13,GPC4,iCAF,FALSE,TRUE
TNXB1,2.87E-17,-1.130453482,0.278,0.405,5.19E-13,TNXB,iCAF,TRUE,FALSE
IL331,5.33E-17,-1.094337152,0.168,0.31,9.63E-13,IL33,iCAF,TRUE,FALSE
MUC15,8.11E-17,-1.058545745,0.187,0.327,1.47E-12,MUC15,iCAF,FALSE,TRUE
IL17RB,1.93E-16,-1.055625747,0.139,0.278,3.49E-12,IL17RB,iCAF,FALSE,TRUE
NCR3LG1,3.86E-16,-1.13851131,0.119,0.251,6.98E-12,NCR3LG1,iCAF,TRUE,FALSE
ADAMTS13,2.44E-15,-1.068438393,0.122,0.251,4.42E-11,ADAMTS13,iCAF,FALSE,TRUE
TNFRSF13B1,1.70E-14,-1.047855213,0.161,0.288,3.07E-10,TNFRSF13B,iCAF,FALSE,TRUE
GRIN2D,2.00E-14,-1.009025989,0.151,0.279,3.62E-10,GRIN2D,iCAF,FALSE,TRUE
LY861,1.85E-13,-1.014111305,0.13,0.25,3.35E-09,LY86,iCAF,TRUE,FALSE
CD191,2.94E-13,-1.03754217,0.13,0.25,5.31E-09,CD19,iCAF,FALSE,TRUE
ADRA2A1,9.30E-12,-1.199022231,0.15,0.25,1.68E-07,ADRA2A,iCAF,FALSE,TRUE
GDF15,9.57E-12,-1.250481628,0.16,0.269,1.73E-07,GDF15,iCAF,TRUE,FALSE
COL11A11,0,3.36335586,0.633,0.111,0,COL11A1,myCAF,TRUE,FALSE
ITGA11,0,2.952252495,0.407,0.07,0,ITGA11,myCAF,FALSE,TRUE
NTM1,0,2.764597163,0.378,0.067,0,NTM,myCAF,TRUE,TRUE
COL10A1,0,2.694456539,0.715,0.183,0,COL10A1,myCAF,TRUE,FALSE
WNT21,0,2.590062356,0.375,0.079,0,WNT2,myCAF,TRUE,FALSE
COL8A1,0,2.588494411,0.583,0.139,0,COL8A1,myCAF,TRUE,FALSE
FAP,0,2.476007384,0.719,0.187,0,FAP,myCAF,TRUE,TRUE
POSTN,0,2.409269522,0.969,0.432,0,POSTN,myCAF,TRUE,FALSE
MFAP51,0,2.24849386,0.5,0.116,0,MFAP5,myCAF,TRUE,FALSE
SCN9A1,0,2.217241734,0.413,0.138,0,SCN9A,myCAF,FALSE,TRUE
ADAM12,0,2.208174717,0.76,0.26,0,ADAM12,myCAF,TRUE,TRUE
BMP8A1,0,2.154245675,0.342,0.092,0,BMP8A,myCAF,TRUE,FALSE
GREM11,0,2.121460421,0.797,0.294,0,GREM1,myCAF,TRUE,FALSE
F2RL2,0,2.073588434,0.338,0.1,0,F2RL2,myCAF,FALSE,TRUE
GPC6,0,2.07324533,0.255,0.068,0,GPC6,myCAF,TRUE,FALSE
MMP12,0,2.010741655,0.632,0.255,0,MMP1,myCAF,TRUE,TRUE
NID2,0,1.980042489,0.7,0.241,0,NID2,myCAF,TRUE,FALSE
COMP,0,1.920006867,0.34,0.124,0,COMP,myCAF,TRUE,FALSE
SFRP2,0,1.882867717,0.896,0.389,0,SFRP2,myCAF,TRUE,FALSE
THBS2,0,1.84349331,0.961,0.48,0,THBS2,myCAF,TRUE,FALSE
VCAN,0,1.812136206,0.967,0.524,0,VCAN,myCAF,TRUE,FALSE
COL24A1,0,1.790904845,0.298,0.1,0,COL24A1,myCAF,TRUE,FALSE
SPON11,0,1.766092627,0.358,0.12,0,SPON1,myCAF,TRUE,FALSE
COL12A11,0,1.726277328,0.867,0.434,0,COL12A1,myCAF,TRUE,FALSE
EDIL3,0,1.724400435,0.624,0.25,0,EDIL3,myCAF,TRUE,FALSE
CDH111,0,1.714688483,0.863,0.384,0,CDH11,myCAF,FALSE,TRUE
COL5A3,0,1.671197592,0.756,0.342,0,COL5A3,myCAF,TRUE,FALSE
INHBA1,0,1.659648119,0.893,0.445,0,INHBA,myCAF,TRUE,FALSE
SPON2,0,1.651190543,0.906,0.497,0,SPON2,myCAF,TRUE,FALSE
CD248,0,1.639695053,0.751,0.345,0,CD248,myCAF,FALSE,TRUE
COL5A2,0,1.621920239,0.995,0.659,0,COL5A2,myCAF,TRUE,FALSE
MXRA8,0,1.609120297,0.903,0.43,0,MXRA8,myCAF,TRUE,FALSE
HAS21,0,1.581565627,0.425,0.163,0,HAS2,myCAF,TRUE,TRUE
EDNRA,0,1.539974943,0.515,0.208,0,EDNRA,myCAF,FALSE,TRUE
CCN4,0,1.508280453,0.462,0.186,0,CCN4,myCAF,TRUE,FALSE
MMP2,0,1.502861866,0.963,0.568,0,MMP2,myCAF,TRUE,TRUE
FN1,0,1.484836131,0.997,0.749,0,FN1,myCAF,TRUE,FALSE
NID1,0,1.479869087,0.73,0.333,0,NID1,myCAF,TRUE,FALSE
SERPINE11,0,1.46092272,0.904,0.593,0,SERPINE1,myCAF,TRUE,FALSE
CLMP2,0,1.460070061,0.551,0.215,0,CLMP,myCAF,TRUE,FALSE
PTHLH1,0,1.458448019,0.586,0.29,0,PTHLH,myCAF,TRUE,FALSE
FBN1,0,1.42059982,0.965,0.579,0,FBN1,myCAF,TRUE,FALSE
COL6A3,0,1.413133486,1,0.737,0,COL6A3,myCAF,TRUE,FALSE
NT5E1,0,1.350215616,0.547,0.253,0,NT5E,myCAF,TRUE,TRUE
TREM2,0,1.3487638,0.447,0.204,0,TREM2,myCAF,FALSE,TRUE
PDGFRB,0,1.348076786,0.95,0.549,0,PDGFRB,myCAF,FALSE,TRUE
BGN,0,1.342548259,0.996,0.68,0,BGN,myCAF,TRUE,FALSE
MMP7,0,1.309444711,0.582,0.318,0,MMP7,myCAF,TRUE,FALSE
ADAMTS4,0,1.294440626,0.474,0.228,0,ADAMTS4,myCAF,FALSE,TRUE
MXRA5,0,1.274906835,0.818,0.473,0,MXRA5,myCAF,TRUE,FALSE
COL5A1,0,1.271950196,0.999,0.788,0,COL5A1,myCAF,TRUE,FALSE
LAMA4,0,1.263756759,0.903,0.53,0,LAMA4,myCAF,TRUE,FALSE
FLRT21,0,1.257400324,0.598,0.312,0,FLRT2,myCAF,TRUE,FALSE
LUM1,0,1.251152791,0.992,0.655,0,LUM,myCAF,TRUE,FALSE
MRC11,0,1.248434255,0.654,0.319,0,MRC1,myCAF,FALSE,TRUE
COL1A2,0,1.238716894,1,0.838,0,COL1A2,myCAF,TRUE,FALSE
THBS1,0,1.225803262,0.949,0.611,0,THBS1,myCAF,TRUE,FALSE
COL3A1,0,1.222626035,1,0.859,0,COL3A1,myCAF,TRUE,FALSE
F2R,0,1.214826959,0.642,0.35,0,F2R,myCAF,FALSE,TRUE
LAMA21,0,1.201692865,0.5,0.23,0,LAMA2,myCAF,TRUE,FALSE
THY1,0,1.195591308,0.921,0.569,0,THY1,myCAF,TRUE,TRUE
COL15A1,0,1.17700438,0.767,0.45,0,COL15A1,myCAF,TRUE,FALSE
ITGA1,0,1.166759258,0.901,0.578,0,ITGA1,myCAF,FALSE,TRUE
CCN2,0,1.155092375,0.933,0.616,0,CCN2,myCAF,TRUE,FALSE
ADGRA21,0,1.147555716,0.631,0.304,0,ADGRA2,myCAF,FALSE,TRUE
RARRES21,0,1.142786115,0.542,0.252,0,RARRES2,myCAF,TRUE,FALSE
KIRREL1,0,1.119885109,0.72,0.401,0,KIRREL1,myCAF,TRUE,TRUE
ANGPTL2,0,1.116691341,0.848,0.514,0,ANGPTL2,myCAF,TRUE,FALSE
DCN1,0,1.108116672,0.98,0.621,0,DCN,myCAF,TRUE,FALSE
PDGFB1,0,1.101787587,0.691,0.407,0,PDGFB,myCAF,TRUE,FALSE
DDR21,0,1.100798733,0.558,0.274,0,DDR2,myCAF,FALSE,TRUE
COL1A1,0,1.094267794,1,0.963,0,COL1A1,myCAF,TRUE,FALSE
COL6A1,0,1.084691895,1,0.79,0,COL6A1,myCAF,TRUE,FALSE
EFEMP2,0,1.08385901,0.592,0.328,0,EFEMP2,myCAF,TRUE,FALSE
SPARC,0,1.072377943,1,0.877,0,SPARC,myCAF,TRUE,FALSE
WNT5A1,0,1.066062561,0.833,0.579,0,WNT5A,myCAF,TRUE,FALSE
CLEC11A,0,1.061957198,0.714,0.446,0,CLEC11A,myCAF,TRUE,FALSE
CTHRC1,0,1.02444472,0.995,0.833,0,CTHRC1,myCAF,TRUE,FALSE
COL6A2,0,1.024211452,1,0.799,0,COL6A2,myCAF,TRUE,FALSE
NELL2,0,1.016112851,0.64,0.388,0,NELL2,myCAF,TRUE,FALSE
COL13A1,1.16E-302,1.5871274,0.326,0.128,2.09E-298,COL13A1,myCAF,TRUE,TRUE
ENPEP,6.31E-297,1.35671802,0.391,0.178,1.14E-292,ENPEP,myCAF,FALSE,TRUE
MMP131,3.24E-287,1.844179308,0.26,0.087,5.86E-283,MMP13,myCAF,TRUE,TRUE
JAM31,3.01E-281,1.02794968,0.465,0.231,5.45E-277,JAM3,myCAF,TRUE,TRUE
ENPP1,3.96E-274,1.401077905,0.342,0.146,7.16E-270,ENPP1,myCAF,TRUE,FALSE
CACNA1C1,2.08E-265,1.416541319,0.309,0.122,3.76E-261,CACNA1C,myCAF,FALSE,TRUE
CDH2,7.39E-235,1.529706345,0.269,0.106,1.34E-230,CDH2,myCAF,TRUE,TRUE
SEMA6B,1.93E-196,1.098806912,0.367,0.193,3.48E-192,SEMA6B,myCAF,TRUE,FALSE
CCL11,5.75E-175,1.327083204,0.251,0.11,1.04E-170,CCL11,myCAF,TRUE,FALSE
WNT7A1,3.63E-174,1.200461234,0.284,0.135,6.55E-170,WNT7A,myCAF,TRUE,FALSE
OLR1,1.13E-154,1.038825118,0.331,0.183,2.05E-150,OLR1,myCAF,FALSE,TRUE
PLA2G2A1,0,4.951507773,0.799,0.057,0,PLA2G2A,PI16,TRUE,FALSE
PI161,0,4.253354356,0.702,0.086,0,PI16,PI16,TRUE,FALSE
THBS4,0,3.699067034,0.778,0.145,0,THBS4,PI16,TRUE,FALSE
OGN,0,3.456244849,0.491,0.071,0,OGN,PI16,TRUE,FALSE
COMP1,0,3.116686037,0.713,0.14,0,COMP,PI16,TRUE,FALSE
GDF10,0,2.8949597,0.355,0.065,0,GDF10,PI16,TRUE,FALSE
APOD2,0,2.859938312,0.951,0.273,0,APOD,PI16,TRUE,FALSE
CTSG,0,2.804164856,0.259,0.041,0,CTSG,PI16,TRUE,FALSE
FXYD11,0,2.792063054,0.499,0.099,0,FXYD1,PI16,FALSE,TRUE
ANGPTL11,0,2.649793534,0.421,0.089,0,ANGPTL1,PI16,TRUE,FALSE
TNXB2,0,2.543004214,0.932,0.354,0,TNXB,PI16,TRUE,FALSE
LEPR1,0,2.523140017,0.807,0.273,0,LEPR,PI16,FALSE,TRUE
CCKAR1,0,2.324186322,0.44,0.109,0,CCKAR,PI16,FALSE,TRUE
FGF71,0,2.190958502,0.623,0.174,0,FGF7,PI16,TRUE,FALSE
GFRA11,0,2.155456013,0.526,0.147,0,GFRA1,PI16,FALSE,TRUE
CCL141,0,2.148979979,0.436,0.104,0,CCL14,PI16,TRUE,FALSE
F13A11,0,1.904304102,0.955,0.417,0,F13A1,PI16,TRUE,FALSE
COL14A11,0,1.877005696,0.907,0.38,0,COL14A1,PI16,TRUE,FALSE
CXCL121,0,1.767816534,0.993,0.492,0,CXCL12,PI16,TRUE,FALSE
SFRP21,0,1.706921871,0.995,0.495,0,SFRP2,PI16,TRUE,FALSE
LAMA22,0,1.66676371,0.651,0.277,0,LAMA2,PI16,TRUE,FALSE
CP1,0,1.454666124,0.823,0.374,0,CP,PI16,TRUE,FALSE
EFEMP11,0,1.449577929,0.951,0.569,0,EFEMP1,PI16,TRUE,FALSE
CCL191,0,1.408710347,0.976,0.435,0,CCL19,PI16,TRUE,FALSE
CCN21,0,1.371232931,0.987,0.682,0,CCN2,PI16,TRUE,FALSE
BOC1,0,1.362575203,0.773,0.374,0,BOC,PI16,TRUE,TRUE
DCN2,0,1.309119579,0.999,0.701,0,DCN,PI16,TRUE,FALSE
CFD,0,1.299133545,0.85,0.62,0,CFD,PI16,TRUE,FALSE
CXCL141,0,1.249351304,0.988,0.566,0,CXCL14,PI16,TRUE,FALSE
AQP11,0,1.233458682,0.974,0.627,0,AQP1,PI16,FALSE,TRUE
MXRA81,0,1.199297416,0.977,0.53,0,MXRA8,PI16,TRUE,FALSE
MMP21,0,1.14498885,0.997,0.654,0,MMP2,PI16,TRUE,TRUE
TIMP3,0,1.141401465,0.999,0.752,0,TIMP3,PI16,TRUE,FALSE
CLU1,0,1.119202298,0.992,0.698,0,CLU,PI16,TRUE,FALSE
FBN11,0,1.117484394,0.997,0.663,0,FBN1,PI16,TRUE,FALSE
CDH112,0,1.108349709,0.912,0.488,0,CDH11,PI16,FALSE,TRUE
CCN1,0,1.084467558,0.989,0.754,0,CCN1,PI16,TRUE,FALSE
C31,0,1.072100924,1,0.808,0,C3,PI16,TRUE,FALSE
BGN1,0,1.024400051,1,0.751,0,BGN,PI16,TRUE,FALSE
PDGFRA1,1.07E-295,1.302268224,0.729,0.387,1.94E-291,PDGFRA,PI16,FALSE,TRUE
TFPI1,3.95E-285,1.094510839,0.842,0.437,7.14E-281,TFPI,PI16,TRUE,FALSE
CLEC10A1,6.39E-279,1.322838429,0.693,0.334,1.15E-274,CLEC10A,PI16,FALSE,TRUE
ADRA2A2,1.29E-275,1.539447181,0.555,0.22,2.34E-271,ADRA2A,PI16,FALSE,TRUE
SLIT31,8.23E-260,1.37438836,0.638,0.306,1.49E-255,SLIT3,PI16,TRUE,FALSE
RECK1,6.57E-219,1.672624685,0.455,0.188,1.19E-214,RECK,PI16,TRUE,TRUE
CD341,9.45E-215,1.158495295,0.663,0.368,1.71E-210,CD34,PI16,TRUE,FALSE
CCL211,8.69E-201,1.272382363,0.539,0.248,1.57E-196,CCL21,PI16,TRUE,FALSE
MRC12,4.25E-197,1.064402595,0.683,0.392,7.69E-193,MRC1,PI16,FALSE,TRUE
IL332,6.78E-185,1.148043701,0.581,0.281,1.22E-180,IL33,PI16,TRUE,FALSE
SCN1B,4.38E-183,1.587250472,0.474,0.235,7.91E-179,SCN1B,PI16,FALSE,TRUE
CCL131,7.84E-172,1.578429196,0.372,0.137,1.42E-167,CCL13,PI16,TRUE,FALSE
IGF11,1.63E-171,1.565973186,0.405,0.169,2.95E-167,IGF1,PI16,TRUE,FALSE
ACKR11,1.04E-169,1.473478384,0.421,0.179,1.87E-165,ACKR1,PI16,FALSE,TRUE
CDH51,1.14E-166,1.037752147,0.635,0.371,2.06E-162,CDH5,PI16,TRUE,TRUE
JAM32,6.08E-140,1.19122662,0.506,0.28,1.10E-135,JAM3,PI16,TRUE,TRUE
MFAP52,8.96E-138,1.15441006,0.449,0.207,1.62E-133,MFAP5,PI16,TRUE,FALSE
JAM21,5.93E-126,1.360761842,0.376,0.169,1.07E-121,JAM2,PI16,TRUE,TRUE
GPC31,4.30E-117,1.321756169,0.41,0.207,7.78E-113,GPC3,PI16,TRUE,FALSE
LILRB51,1.31E-104,1.194447463,0.403,0.203,2.37E-100,LILRB5,PI16,FALSE,TRUE
COL8A11,8.39E-100,1.185970273,0.436,0.252,1.52E-95,COL8A1,PI16,TRUE,FALSE
SLIT2,5.33E-97,1.259000153,0.332,0.152,9.63E-93,SLIT2,PI16,TRUE,FALSE
FAT41,7.05E-92,1.237489392,0.34,0.165,1.27E-87,FAT4,PI16,TRUE,TRUE
VSIG4,8.39E-87,1.024446958,0.43,0.254,1.52E-82,VSIG4,PI16,TRUE,TRUE
FZD41,1.90E-80,1.022537044,0.415,0.253,3.43E-76,FZD4,PI16,FALSE,TRUE
CLDN111,3.51E-80,1.225862496,0.297,0.14,6.34E-76,CLDN11,PI16,TRUE,TRUE
ITGA81,1.98E-69,1.060379929,0.363,0.212,3.58E-65,ITGA8,PI16,FALSE,TRUE
SELP1,6.20E-68,1.058345316,0.328,0.178,1.12E-63,SELP,PI16,TRUE,TRUE
EPHA31,9.72E-59,1.19690635,0.25,0.125,1.76E-54,EPHA3,PI16,FALSE,TRUE